# Skeleton for com.desertstormfront.screen.SkirmishSetupScreen - fill in the LAST column (semantic name), then:
#   powershell -File run\deobf-rename.ps1 -Map run\map-skirmishsetupscreen-fields.tsv            # dry-run (also validates the map)
#   powershell -File run\deobf-rename.ps1 -Map run\map-skirmishsetupscreen-fields.tsv -Apply    # write
# Descriptors come from javap: do not edit them, the renamer matches on them.
# A row with a BLANK last column must keep its trailing tab, or it loses a column and is
# misparsed as a different layout (see 26, pitfall 10).
# 0 already-semantic method(s) omitted; use -All to include them.
# Columns: owner <TAB> kind <TAB> old <TAB> descriptor <TAB> new
com.desertstormfront.screen.SkirmishSetupScreen	F	a	I	
com.desertstormfront.screen.SkirmishSetupScreen	F	b	I	
com.desertstormfront.screen.SkirmishSetupScreen	F	c	[Lcom/desertstormfront/io/WorldSaveInfo;	
com.desertstormfront.screen.SkirmishSetupScreen	F	d	I	
com.desertstormfront.screen.SkirmishSetupScreen	F	e	I	
com.desertstormfront.screen.SkirmishSetupScreen	F	f	[Lcom/desertstormfront/io/WorldSaveInfo;	
com.desertstormfront.screen.SkirmishSetupScreen	F	g	Lcom/desertstormfront/ui/NinePatchImage;	
com.desertstormfront.screen.SkirmishSetupScreen	F	h	Lcom/desertstormfront/ui/ScrollPane;	
com.desertstormfront.screen.SkirmishSetupScreen	F	i	Lcom/desertstormfront/ui/Container;	
com.desertstormfront.screen.SkirmishSetupScreen	F	j	Lcom/desertstormfront/ui/NinePatchImage;	
com.desertstormfront.screen.SkirmishSetupScreen	F	k	Lcom/desertstormfront/ui/Label;	
com.desertstormfront.screen.SkirmishSetupScreen	F	l	Lcom/desertstormfront/ui/Label;	
com.desertstormfront.screen.SkirmishSetupScreen	F	m	Lcom/desertstormfront/ui/NinePatchImage;	
com.desertstormfront.screen.SkirmishSetupScreen	F	n	Lcom/desertstormfront/ui/Label;	
com.desertstormfront.screen.SkirmishSetupScreen	F	o	Lcom/desertstormfront/ui/Label;	
com.desertstormfront.screen.SkirmishSetupScreen	F	p	Lcom/desertstormfront/ui/Container;	
com.desertstormfront.screen.SkirmishSetupScreen	F	q	Lcom/desertstormfront/ui/Label;	
com.desertstormfront.screen.SkirmishSetupScreen	F	r	Lcom/desertstormfront/ui/NinePatchImage;	
com.desertstormfront.screen.SkirmishSetupScreen	F	s	Lcom/desertstormfront/ui/Image;	
com.desertstormfront.screen.SkirmishSetupScreen	F	t	Lcom/desertstormfront/ui/Image;	
com.desertstormfront.screen.SkirmishSetupScreen	F	u	Lcom/desertstormfront/ui/Button;	
com.desertstormfront.screen.SkirmishSetupScreen	F	v	Lcom/desertstormfront/ui/Button;	
com.desertstormfront.screen.SkirmishSetupScreen	F	w	Lcom/desertstormfront/ui/Container;	
com.desertstormfront.screen.SkirmishSetupScreen	F	x	Lcom/desertstormfront/ui/NinePatchImage;	
com.desertstormfront.screen.SkirmishSetupScreen	F	y	Lcom/desertstormfront/ui/Image;	
com.desertstormfront.screen.SkirmishSetupScreen	F	z	Lcom/desertstormfront/ui/Image;	
com.desertstormfront.screen.SkirmishSetupScreen	F	A	Lcom/desertstormfront/ui/Button;	
com.desertstormfront.screen.SkirmishSetupScreen	F	B	Lcom/desertstormfront/ui/Button;	
com.desertstormfront.screen.SkirmishSetupScreen	F	C	Lcom/desertstormfront/ui/ListBox;	
com.desertstormfront.screen.SkirmishSetupScreen	F	D	Lcom/desertstormfront/ui/ListBox;	
com.desertstormfront.screen.SkirmishSetupScreen	F	E	Lcom/desertstormfront/ui/ListBox;	
com.desertstormfront.screen.SkirmishSetupScreen	F	F	Lcom/desertstormfront/ui/ListBox;	
com.desertstormfront.screen.SkirmishSetupScreen	F	G	Lcom/desertstormfront/ui/ListBox;	
com.desertstormfront.screen.SkirmishSetupScreen	F	H	Lcom/desertstormfront/ui/ListBox;	
com.desertstormfront.screen.SkirmishSetupScreen	F	I	Lcom/desertstormfront/ui/ListBox;	
com.desertstormfront.screen.SkirmishSetupScreen	F	J	Lcom/desertstormfront/ui/ListBox;	
com.desertstormfront.screen.SkirmishSetupScreen	F	K	Lcom/desertstormfront/ui/ListBox;	
com.desertstormfront.screen.SkirmishSetupScreen	F	L	Lcom/desertstormfront/ui/ListBox;	
com.desertstormfront.screen.SkirmishSetupScreen	F	M	Lcom/desertstormfront/session/StartableSessionMode;	
