# Skeleton for com.noblemaster.lib.script (package-wide) - fill in the LAST column (semantic name), then:
#   powershell -File run\deobf-rename.ps1 -Map run\map-lib-script-methods.tsv            # dry-run (also validates the map)
#   powershell -File run\deobf-rename.ps1 -Map run\map-lib-script-methods.tsv -Apply    # write
# Descriptors come from javap: do not edit them, the renamer matches on them.
# A row with a BLANK last column must keep its trailing tab, or it loses a column and is
# misparsed as a different layout (see 26, pitfall 10).
# 7 already-semantic method(s) omitted; use -All to include them.
# Columns: owner <TAB> kind <TAB> old <TAB> descriptor <TAB> new
com.noblemaster.lib.script.ScriptStep	M	a	()Ljava/lang/String;	
com.noblemaster.lib.script.ScriptStep	M	b	()Ljava/lang/String;	
com.noblemaster.lib.script.ScriptStep	M	c	()Ljava/lang/String;	
com.noblemaster.lib.script.ScriptStep	M	d	()Ljava/lang/String;	
com.noblemaster.lib.script.StepListener	M	a	()V	
com.noblemaster.lib.script.StepSequencePlayer	M	a	()V	
com.noblemaster.lib.script.StepSequencePlayer	M	a	(Ljava/lang/String;)V	
com.noblemaster.lib.script.StepSequencePlayer	M	b	()Lcom/noblemaster/lib/script/ScriptStep;	
com.noblemaster.lib.script.StepSequencePlayer	M	a	(Lcom/noblemaster/lib/script/ScriptStepList;)V	
com.noblemaster.lib.script.StepSequencePlayer	M	a	(Lcom/noblemaster/lib/script/StepListener;)V	
com.noblemaster.lib.script.StepSequencePlayer	M	c	()V	
