# Skeleton for com.desertstormfront.desktop (package-wide) - fill in the LAST column (semantic name), then:
#   powershell -File run\deobf-rename.ps1 -Map run\map-desktop-methods.tsv            # dry-run (also validates the map)
#   powershell -File run\deobf-rename.ps1 -Map run\map-desktop-methods.tsv -Apply    # write
# Descriptors come from javap: do not edit them, the renamer matches on them.
# A row with a BLANK last column must keep its trailing tab, or it loses a column and is
# misparsed as a different layout (see 26, pitfall 10).
# 21 already-semantic method(s) omitted; use -All to include them.
# Columns: owner <TAB> kind <TAB> old <TAB> descriptor <TAB> new
com.desertstormfront.desktop.BuildInfo	M	a	()Lcom/noblemaster/lib/data/Version;	
com.desertstormfront.desktop.BuildInfo	M	b	()Lcom/noblemaster/lib/data/DateTime;	
com.desertstormfront.desktop.BuildInfo	M	c	()Ljava/lang/String;	
com.desertstormfront.desktop.DesktopApplication	M	d	()Ljava/lang/String;	
com.desertstormfront.desktop.DesktopApplication	M	e	()Z	
com.desertstormfront.desktop.DesktopApplication	M	f	()Lcom/noblemaster/lib/net/match/AddressProvider;	
com.desertstormfront.desktop.DesktopApplication	M	g	()Lcom/noblemaster/lib/net/match/PortMappingCallback;	
com.desertstormfront.desktop.DesktopApplication	M	a	(Ljava/lang/String;)V	
com.desertstormfront.desktop.DesktopApplication	M	h	()V	
com.desertstormfront.desktop.DesktopApplication	M	i	()V	
com.desertstormfront.desktop.DesktopApplication	M	a	(II)I	
com.desertstormfront.desktop.DesktopApplication	M	b	(II)I	
com.desertstormfront.desktop.DesktopLauncher	M	a	()V	
com.desertstormfront.desktop.DesktopLauncher	M	b	(IILcom/badlogic/gdx/graphics/Pixmap;)Lcom/desertstormfront/desktop/PlatformCursor;	
com.desertstormfront.desktop.DesktopLauncher	M	a	(II[Lcom/badlogic/gdx/graphics/Pixmap;[I)Lcom/desertstormfront/desktop/PlatformCursor;	
com.desertstormfront.desktop.DesktopLauncher	M	b	(Lcom/desertstormfront/desktop/PlatformCursor;)V	
com.desertstormfront.desktop.DesktopLauncher	M	a	(IILcom/badlogic/gdx/graphics/Pixmap;)Lcom/desertstormfront/desktop/PlatformCursor;	
com.desertstormfront.desktop.DesktopLauncher	M	a	(Lcom/desertstormfront/desktop/PlatformCursor;)V	
com.desertstormfront.desktop.DesktopLauncher	M	a	(Z)V	
com.desertstormfront.desktop.SystemHook	M	a	()Z	
com.desertstormfront.desktop.SystemHook	M	a	(I)V	
com.desertstormfront.desktop.SystemHook	M	b	()Lcom/desertstormfront/desktop/SystemHook$User32;	
com.desertstormfront.desktop.SystemHook	M	c	()V	
com.desertstormfront.desktop.SystemHook	M	d	()Z	
com.desertstormfront.desktop.UPnPMapper	M	a	(Ljava/lang/String;Ljava/lang/String;I)Ljava/lang/String;	
com.desertstormfront.desktop.UPnPMapper	M	a	(Ljava/lang/String;Ljava/lang/String;III)Ljava/lang/String;	
com.desertstormfront.desktop.UPnPMapper	M	a	(Ljava/lang/String;Ljava/lang/String;IIILcom/desertstormfront/desktop/PortProtocol;)Ljava/lang/String;	
com.desertstormfront.desktop.UPnPMapper	M	a	(Ljava/lang/String;)V	
com.desertstormfront.desktop.UPnPMapper	M	a	(Lnet/sbbi/upnp/impls/InternetGatewayDevice;ILcom/desertstormfront/desktop/PortProtocol;)V	
com.desertstormfront.desktop.UPnPMapper	M	a	()Lnet/sbbi/upnp/impls/InternetGatewayDevice;	
