# Skeleton for com.desertstormfront.app (package-wide) - fill in the LAST column (semantic name), then:
#   powershell -File run\deobf-rename.ps1 -Map run\map-app-methods.tsv            # dry-run (also validates the map)
#   powershell -File run\deobf-rename.ps1 -Map run\map-app-methods.tsv -Apply    # write
# Descriptors come from javap: do not edit them, the renamer matches on them.
# A row with a BLANK last column must keep its trailing tab, or it loses a column and is
# misparsed as a different layout (see 26, pitfall 10).
# 15 already-semantic method(s) omitted; use -All to include them.
# Columns: owner <TAB> kind <TAB> old <TAB> descriptor <TAB> new
com.desertstormfront.app.GameApplication	M	c	(II)V	
com.desertstormfront.app.GameApplication	M	d	()Ljava/lang/String;	
com.desertstormfront.app.GameApplication	M	e	()Z	
com.desertstormfront.app.GameApplication	M	f	()Lcom/noblemaster/lib/net/match/AddressProvider;	
com.desertstormfront.app.GameApplication	M	g	()Lcom/noblemaster/lib/net/match/PortMappingCallback;	
com.desertstormfront.app.GameApplication	M	a	(Ljava/lang/String;)V	
com.desertstormfront.app.GameApplication	M	h	()V	
com.desertstormfront.app.GameApplication	M	i	()V	
com.desertstormfront.app.GameApplication	M	a	(II)I	
com.desertstormfront.app.GameApplication	M	b	(II)I	
com.desertstormfront.app.support.BackgroundTask	M	a	()F	
com.desertstormfront.app.support.BackgroundTask	M	b	()Z	
com.desertstormfront.app.support.BackgroundTask	M	a	(F)Z	
com.desertstormfront.app.support.IsoMathHelper	M	a	(FFI)F	
com.desertstormfront.app.support.IsoMathHelper	M	b	(FFI)F	
com.desertstormfront.app.support.IsoMathHelper	M	a	(FFII)F	
com.desertstormfront.app.support.IsoMathHelper	M	b	(FFII)F	
com.desertstormfront.app.support.ProgressCallback	M	a	(F)Z	
com.desertstormfront.app.support.TextFormatter	M	a	(J)Ljava/lang/String;	
com.desertstormfront.app.support.TextFormatter	M	a	(F)Ljava/lang/String;	
com.desertstormfront.app.support.TextFormatter	M	a	(I)Ljava/lang/String;	
