# Skeleton for com.desertstormfront.ui.FrameBuffer - fill in the LAST column (semantic name), then:
#   powershell -File run\deobf-rename.ps1 -Map run\map-ui-framebuffer-fields.tsv            # dry-run (also validates the map)
#   powershell -File run\deobf-rename.ps1 -Map run\map-ui-framebuffer-fields.tsv -Apply    # write
# Descriptors come from javap: do not edit them, the renamer matches on them.
# A row with a BLANK last column must keep its trailing tab, or it loses a column and is
# misparsed as a different layout (see 26, pitfall 10).
# 0 already-semantic method(s) omitted; use -All to include them.
# Columns: owner <TAB> kind <TAB> old <TAB> descriptor <TAB> new
com.desertstormfront.ui.FrameBuffer	F	b	I	
com.desertstormfront.ui.FrameBuffer	F	c	Z	
com.desertstormfront.ui.FrameBuffer	F	a	Lcom/desertstormfront/ui/FrameBuffer;	
com.desertstormfront.ui.FrameBuffer	F	d	I	
com.desertstormfront.ui.FrameBuffer	F	e	I	
com.desertstormfront.ui.FrameBuffer	F	f	I	
com.desertstormfront.ui.FrameBuffer	F	g	I	
com.desertstormfront.ui.FrameBuffer	F	h	Lcom/desertstormfront/ui/GlTexture;	
com.desertstormfront.ui.FrameBuffer	F	i	I	
