# Skeleton for com.noblemaster.lib.i18n (package-wide) - fill in the LAST column (semantic name), then:
#   powershell -File run\deobf-rename.ps1 -Map run\map-i18n-remain.tsv            # dry-run (also validates the map)
#   powershell -File run\deobf-rename.ps1 -Map run\map-i18n-remain.tsv -Apply    # write
# Descriptors come from javap: do not edit them, the renamer matches on them.
# A row with a BLANK last column must keep its trailing tab, or it loses a column and is
# misparsed as a different layout (see 26, pitfall 10).
# 2 already-semantic method(s) omitted; use -All to include them.
# Columns: owner <TAB> kind <TAB> old <TAB> descriptor <TAB> new
com.noblemaster.lib.i18n.LineReader	M	a	(Ljava/lang/String;)Lcom/noblemaster/lib/i18n/LineReader;	
com.noblemaster.lib.i18n.LineReader	M	a	()Ljava/lang/String;	
com.noblemaster.lib.i18n.Messages	M	a	(Lcom/noblemaster/lib/data/Language;)V	
com.noblemaster.lib.i18n.Messages	M	a	(Lcom/noblemaster/lib/data/Language;Ljava/lang/String;)V	
com.noblemaster.lib.i18n.Messages	M	a	(Lcom/noblemaster/lib/data/Language;Lcom/noblemaster/lib/data/OrderedProperties;)V	
com.noblemaster.lib.i18n.Messages	M	a	()Lcom/noblemaster/lib/data/Language;	
com.noblemaster.lib.i18n.Messages	M	b	()[Lcom/noblemaster/lib/data/Language;	
com.noblemaster.lib.i18n.Messages	M	a	(Ljava/lang/String;)[Lcom/noblemaster/lib/data/Language;	
com.noblemaster.lib.i18n.Messages	M	c	()Ljava/util/List;	
com.noblemaster.lib.i18n.Messages	M	a	(C)Z	
com.noblemaster.lib.i18n.Messages	M	b	(C)Z	
com.noblemaster.lib.i18n.Messages	M	d	()Ljava/lang/String;	
com.noblemaster.lib.i18n.Messages	M	b	(Ljava/lang/String;)Ljava/lang/String;	
com.noblemaster.lib.i18n.Messages	M	a	(Ljava/lang/String;[Ljava/lang/Object;)Ljava/lang/String;	
com.noblemaster.lib.i18n.Messages	M	c	(Ljava/lang/String;)Ljava/lang/String;	
com.noblemaster.lib.i18n.Messages	M	b	(Ljava/lang/String;[Ljava/lang/Object;)Ljava/lang/String;	
com.noblemaster.lib.i18n.Messages	M	c	(Ljava/lang/String;[Ljava/lang/Object;)Ljava/lang/String;	
