# Skeleton for com.noblemaster.lib.net.match (package-wide) - fill in the LAST column (semantic name), then:
#   powershell -File run\deobf-rename.ps1 -Map run\map-net-match-fields.tsv            # dry-run (also validates the map)
#   powershell -File run\deobf-rename.ps1 -Map run\map-net-match-fields.tsv -Apply    # write
# Descriptors come from javap: do not edit them, the renamer matches on them.
# A row with a BLANK last column must keep its trailing tab, or it loses a column and is
# misparsed as a different layout (see 26, pitfall 10).
# 1 already-semantic method(s) omitted; use -All to include them.
# Columns: owner <TAB> kind <TAB> old <TAB> descriptor <TAB> new
com.noblemaster.lib.net.match.MatchMakingClient	F	a	Ljava/lang/String;	
com.noblemaster.lib.net.match.MatchMakingClient	F	b	I	
com.noblemaster.lib.net.match.MatchMakingServer	F	a	I	
com.noblemaster.lib.net.match.MatchMakingServer	F	b	Lcom/noblemaster/lib/net/match/MatchList;	
com.noblemaster.lib.net.match.MatchMakingServer	F	c	Lcom/noblemaster/lib/net/match/MatchList;	
com.noblemaster.lib.net.match.MatchMakingServer	F	d	Ljava/net/ServerSocket;	
com.noblemaster.lib.net.match.MatchMakingServer	F	e	Ljava/lang/Thread;	
com.noblemaster.lib.net.match.MatchRecord	F	a	J	
com.noblemaster.lib.net.match.MatchRecord	F	b	Ljava/lang/String;	
com.noblemaster.lib.net.match.MatchRecord	F	c	Ljava/lang/String;	
com.noblemaster.lib.net.match.MatchRecord	F	d	Ljava/lang/String;	
com.noblemaster.lib.net.match.MatchRecord	F	e	Ljava/lang/String;	
com.noblemaster.lib.net.match.MatchRecord	F	f	I	
com.noblemaster.lib.net.match.MatchRecord	F	g	Ljava/lang/String;	
com.noblemaster.lib.net.match.MatchRecord	F	h	I	
com.noblemaster.lib.net.match.MatchRecord	F	i	Z	
com.noblemaster.lib.net.match.MatchRecord	F	j	J	
com.noblemaster.lib.net.match.MatchRequestHandler	F	a	Ljava/net/Socket;	
com.noblemaster.lib.net.match.MatchRequestHandler	F	b	Lcom/noblemaster/lib/net/match/MatchList;	
com.noblemaster.lib.net.match.MatchRequestHandler	F	c	Lcom/noblemaster/lib/net/match/MatchList;	
com.noblemaster.lib.net.match.PortProbeServer	F	a	Lcom/noblemaster/lib/net/match/MatchMakingClient;	
com.noblemaster.lib.net.match.PortProbeServer	F	b	I	
