# Skeleton for com.desertstormfront.session (package-wide) - fill in the LAST column (semantic name), then:
#   powershell -File run\deobf-rename.ps1 -Map run\map-session-methods.tsv            # dry-run (also validates the map)
#   powershell -File run\deobf-rename.ps1 -Map run\map-session-methods.tsv -Apply    # write
# Descriptors come from javap: do not edit them, the renamer matches on them.
# A row with a BLANK last column must keep its trailing tab, or it loses a column and is
# misparsed as a different layout (see 26, pitfall 10).
# 111 already-semantic method(s) omitted; use -All to include them.
# Columns: owner <TAB> kind <TAB> old <TAB> descriptor <TAB> new
com.desertstormfront.session.impl.CampaignGameMode	M	p	()Z	
com.desertstormfront.session.impl.GameClient	M	a	(Lcom/noblemaster/lib/net/match/AddressProvider;Lcom/noblemaster/lib/net/match/MatchRecord;)Lcom/desertstormfront/session/impl/GameClient;	
com.desertstormfront.session.impl.GameClient	M	a	()V	
com.desertstormfront.session.impl.GameClient	M	b	()I	
com.desertstormfront.session.impl.GameClient	M	c	()[Ljava/lang/String;	
com.desertstormfront.session.impl.GameClient	M	a	(Lcom/desertstormfront/game/GameEventListener;)Z	
com.desertstormfront.session.impl.GameClient	M	d	()Ljava/lang/String;	
com.desertstormfront.session.impl.GameClient	M	a	(I)V	
com.desertstormfront.session.impl.GameClient	M	a	(Z)V	
com.desertstormfront.session.impl.GameClient	M	a	(Lcom/desertstormfront/command/GameCommand;)V	
com.desertstormfront.session.impl.GameClient	M	e	()Lcom/desertstormfront/game/World;	
com.desertstormfront.session.impl.GameClient	M	f	()Lcom/desertstormfront/game/player/Player;	
com.desertstormfront.session.impl.GameClient	M	g	()Z	
com.desertstormfront.session.impl.GameClient	M	h	()V	
com.desertstormfront.session.impl.GameClient	M	j	()V	
com.desertstormfront.session.impl.GameClient	M	k	()V	
com.desertstormfront.session.impl.GameServer	M	a	(Lcom/desertstormfront/game/World;)Lcom/desertstormfront/session/impl/GameServer;	
com.desertstormfront.session.impl.GameServer	M	a	(Lcom/noblemaster/lib/net/match/AddressProvider;Lcom/noblemaster/lib/net/match/PortMappingCallback;)V	
com.desertstormfront.session.impl.GameServer	M	b	(Lcom/desertstormfront/game/World;)V	
com.desertstormfront.session.impl.GameServer	M	a	()Lcom/noblemaster/lib/net/match/MatchRecord;	
com.desertstormfront.session.impl.GameServer	M	c	()V	
com.desertstormfront.session.impl.GameServer	M	a	(Lcom/desertstormfront/command/GameCommand;)V	
com.desertstormfront.session.impl.GameServer	M	a	(Ljava/lang/String;)V	
com.desertstormfront.session.impl.GameServer	M	b	()V	
com.desertstormfront.session.impl.GameServer	M	a	(Lcom/desertstormfront/game/World;I)Ljava/lang/String;	
com.desertstormfront.session.impl.GameServer	M	d	()Ljava/lang/String;	
com.desertstormfront.session.impl.GameServer	M	a	(Lcom/desertstormfront/session/impl/GameServer;)Ljava/lang/Object;	
com.desertstormfront.session.impl.GameServer	M	b	(Lcom/desertstormfront/session/impl/GameServer;)[Lcom/desertstormfront/session/impl/ServerClientSession;	
com.desertstormfront.session.impl.GameServer	M	c	(Lcom/desertstormfront/session/impl/GameServer;)Ljava/lang/String;	
com.desertstormfront.session.impl.GameServer	M	a	(Lcom/desertstormfront/session/impl/GameServer;Ljava/lang/String;)V	
com.desertstormfront.session.impl.GameServer	M	d	(Lcom/desertstormfront/session/impl/GameServer;)Ljava/util/List;	
com.desertstormfront.session.impl.GameServer	M	e	(Lcom/desertstormfront/session/impl/GameServer;)Lcom/desertstormfront/game/World;	
com.desertstormfront.session.impl.GameServer	M	f	(Lcom/desertstormfront/session/impl/GameServer;)Lcom/desertstormfront/session/impl/ServerState;	
com.desertstormfront.session.impl.GameServer	M	a	(Lcom/desertstormfront/session/impl/GameServer;Lcom/desertstormfront/session/impl/ServerState;)V	
com.desertstormfront.session.impl.GameServer	M	a	(Lcom/desertstormfront/session/impl/GameServer;Lcom/desertstormfront/command/GameCommand;)V	
com.desertstormfront.session.impl.GameServer	M	g	(Lcom/desertstormfront/session/impl/GameServer;)Ljava/lang/Thread;	
com.desertstormfront.session.impl.GameServer	M	h	(Lcom/desertstormfront/session/impl/GameServer;)V	
com.desertstormfront.session.impl.NetworkOpcode	M	a	()B	
com.desertstormfront.session.impl.NetworkOpcode	M	a	(B)Lcom/desertstormfront/session/impl/NetworkOpcode;	
com.desertstormfront.session.impl.ServerClientSession	M	a	(Ljava/lang/Object;)V	
com.desertstormfront.session.impl.ServerClientSession	M	a	()Z	
com.desertstormfront.session.impl.ServerClientSession	M	b	()Z	
com.desertstormfront.session.impl.ServerClientSession	M	c	()Z	
com.desertstormfront.session.impl.ServerClientSession	M	d	()Ljava/lang/String;	
com.desertstormfront.session.impl.ServerClientSession	M	e	()V	
com.desertstormfront.session.impl.ServerClientSession	M	g	()V	
com.desertstormfront.session.impl.ServerClientSession	M	a	(Lcom/desertstormfront/session/impl/ServerClientSession;)Ljava/lang/Thread;	
com.desertstormfront.session.impl.ServerClientSession	M	b	(Lcom/desertstormfront/session/impl/ServerClientSession;)Ljava/util/List;	
com.desertstormfront.session.impl.ServerClientSession	M	c	(Lcom/desertstormfront/session/impl/ServerClientSession;)Ljava/util/List;	
com.desertstormfront.session.impl.ServerClientSession	M	d	(Lcom/desertstormfront/session/impl/ServerClientSession;)Lcom/noblemaster/lib/io/stream/DataWriter;	
com.desertstormfront.session.impl.ServerClientSession	M	e	(Lcom/desertstormfront/session/impl/ServerClientSession;)Lcom/desertstormfront/session/impl/GameServer;	
com.desertstormfront.session.impl.ServerState	M	a	()B	
com.desertstormfront.session.impl.ServerState	M	a	(B)Lcom/desertstormfront/session/impl/ServerState;	
com.desertstormfront.session.impl.TestScenarioMode	M	e	()V	
com.desertstormfront.session.impl.TestScenarioMode	M	f	()V	
com.desertstormfront.session.impl.TestScenarioMode	M	d	()V	
com.desertstormfront.session.impl.TutorialGameMode	M	e	()V	
com.desertstormfront.session.impl.TutorialGameMode	M	f	()V	
com.desertstormfront.session.impl.TutorialGameMode	M	d	()V	
