# Skeleton for com.desertstormfront.io (package-wide) - fill in the LAST column (semantic name), then:
#   powershell -File run\deobf-rename.ps1 -Map run\map-io-methods.tsv            # dry-run (also validates the map)
#   powershell -File run\deobf-rename.ps1 -Map run\map-io-methods.tsv -Apply    # write
# Descriptors come from javap: do not edit them, the renamer matches on them.
# A row with a BLANK last column must keep its trailing tab, or it loses a column and is
# misparsed as a different layout (see 26, pitfall 10).
# 5 already-semantic method(s) omitted; use -All to include them.
# Columns: owner <TAB> kind <TAB> old <TAB> descriptor <TAB> new
com.desertstormfront.io.SpriteSheetLoader	M	a	(Lcom/desertstormfront/map/MapDefinition;)Lcom/desertstormfront/graphics/table/BuildingSpriteTable;	
com.desertstormfront.io.SpriteSheetLoader	M	b	(Lcom/desertstormfront/map/MapDefinition;)Lcom/desertstormfront/graphics/table/UnitSpriteTable;	
com.desertstormfront.io.WorldSerializer	M	a	(Ljava/lang/String;)[Lcom/desertstormfront/io/WorldSaveInfo;	
com.desertstormfront.io.WorldSerializer	M	b	(Ljava/lang/String;)Lcom/desertstormfront/game/World;	
com.desertstormfront.io.WorldSerializer	M	a	(Ljava/lang/String;[Ljava/lang/String;)V	
com.desertstormfront.io.WorldSerializer	M	a	(Lcom/noblemaster/lib/io/stream/DataReader;)Lcom/desertstormfront/game/World;	
com.desertstormfront.io.WorldSerializer	M	a	(Lcom/noblemaster/lib/io/stream/DataWriter;Lcom/desertstormfront/game/World;)V	
com.desertstormfront.io.WorldSerializer	M	a	(Lcom/noblemaster/lib/io/stream/DataReader;Lcom/desertstormfront/game/World;)V	
com.desertstormfront.io.WorldSerializer	M	b	(Lcom/noblemaster/lib/io/stream/DataWriter;Lcom/desertstormfront/game/World;)V	
