# Skeleton for com.desertstormfront.ai (package-wide) - fill in the LAST column (semantic name), then:
#   powershell -File run\deobf-rename.ps1 -Map run\map-ai-fields.tsv            # dry-run (also validates the map)
#   powershell -File run\deobf-rename.ps1 -Map run\map-ai-fields.tsv -Apply    # write
# Descriptors come from javap: do not edit them, the renamer matches on them.
# A row with a BLANK last column must keep its trailing tab, or it loses a column and is
# misparsed as a different layout (see 26, pitfall 10).
# 43 already-semantic method(s) omitted; use -All to include them.
# Columns: owner <TAB> kind <TAB> old <TAB> descriptor <TAB> new
com.desertstormfront.ai.behavior.CompositeNode	F	a	Lcom/desertstormfront/ai/behavior/BehaviorTreePool;	
com.desertstormfront.ai.behavior.CompositeNode	F	b	I	
com.desertstormfront.ai.behavior.ConditionNodeBase	F	a	Lcom/desertstormfront/ai/behavior/BehaviorNode;	
com.desertstormfront.ai.behavior.NodeStatus	F	a	Lcom/desertstormfront/ai/behavior/NodeStatus;	
com.desertstormfront.ai.behavior.NodeStatus	F	b	Lcom/desertstormfront/ai/behavior/NodeStatus;	
com.desertstormfront.ai.behavior.nodes.DeployUnloadNode	F	a	[[I	
com.desertstormfront.ai.intent.AIContext	F	c	Lcom/desertstormfront/game/model/UnitList;	
com.desertstormfront.ai.intent.AIContext	F	d	Lcom/desertstormfront/game/model/UnitList;	
com.desertstormfront.ai.intent.AIContext	F	e	Lcom/desertstormfront/game/model/UnitList;	
com.desertstormfront.ai.intent.AIContext	F	f	Lcom/desertstormfront/game/model/UnitList;	
com.desertstormfront.ai.intent.AIContext	F	g	Lcom/desertstormfront/game/model/UnitList;	
com.desertstormfront.ai.intent.AIContext	F	h	Lcom/desertstormfront/game/model/UnitList;	
com.desertstormfront.ai.intent.AIContext	F	i	Lcom/desertstormfront/game/model/UnitList;	
com.desertstormfront.ai.intent.AIContext	F	l	Lcom/desertstormfront/game/model/UnitList;	
com.desertstormfront.ai.intent.AIContext	F	n	I	
com.desertstormfront.ai.intent.InfluenceMap	F	a	[F	
com.desertstormfront.ai.intent.InfluenceMap	F	b	I	
com.desertstormfront.ai.intent.InfluenceMap	F	c	I	
com.desertstormfront.ai.intent.InfluenceMap	F	d	I	
com.desertstormfront.ai.intent.InfluenceMap	F	e	[F	
com.desertstormfront.ai.intent.InfluenceMap	F	f	I	
com.desertstormfront.ai.intent.InfluenceMap	F	g	I	
com.desertstormfront.ai.intent.IntentEvaluator	F	a	Lcom/desertstormfront/ai/intent/AIContext;	
com.desertstormfront.ai.intent.IntentEvaluator	F	b	I	
com.desertstormfront.ai.intent.IntentEvaluator	F	c	F	
com.desertstormfront.ai.intent.IntentGroup	F	a	[Lcom/desertstormfront/game/model/Domain;	
com.desertstormfront.ai.intent.IntentGroup	F	b	Lcom/desertstormfront/ai/intent/UnitRequestList;	
com.desertstormfront.ai.intent.IntentGroup	F	c	Lcom/desertstormfront/game/model/UnitList;	
com.desertstormfront.ai.intent.IntentGroup	F	d	Z	
com.desertstormfront.ai.intent.IntentGroup	F	e	Lcom/desertstormfront/ai/intent/IntentGroupMode;	
com.desertstormfront.ai.intent.IntentGroup	F	f	Lcom/desertstormfront/world/UnitPosition;	
com.desertstormfront.ai.intent.IntentGroup	F	g	Z	
com.desertstormfront.ai.intent.IntentGroupMode	F	a	Lcom/desertstormfront/ai/intent/IntentGroupMode;	
com.desertstormfront.ai.intent.IntentGroupMode	F	b	Lcom/desertstormfront/ai/intent/IntentGroupMode;	
com.desertstormfront.ai.intent.IntentGroupMode	F	c	Lcom/desertstormfront/ai/intent/IntentGroupMode;	
com.desertstormfront.ai.intent.IntentGroupMode	F	d	Lcom/desertstormfront/ai/intent/IntentGroupMode;	
com.desertstormfront.ai.intent.IntentType	F	i	Ljava/lang/String;	
com.desertstormfront.ai.intent.UnitRequest	F	a	Lcom/desertstormfront/game/model/Unit;	
com.desertstormfront.ai.intent.UnitRequest	F	b	Lcom/desertstormfront/game/model/UnitType;	
com.desertstormfront.ai.plan.CompositePlanNode	F	a	Lcom/desertstormfront/ai/plan/PlanNodeList;	
com.desertstormfront.ai.plan.CompositePlanNode	F	b	I	
com.desertstormfront.ai.plan.DecoratorNode	F	a	Lcom/desertstormfront/ai/plan/PlanNode;	
com.desertstormfront.ai.plan.PlanContext	F	a	Lcom/desertstormfront/ai/intent/AIContext;	
com.desertstormfront.ai.plan.PlanContext	F	b	Lcom/desertstormfront/command/UnitCommander;	
com.desertstormfront.ai.plan.PlanContext	F	c	Lcom/desertstormfront/ai/intent/Intent;	
com.desertstormfront.ai.plan.nodes.AssignAirPlan	F	a	I	
com.desertstormfront.ai.plan.nodes.AssignAirPlan	F	b	I	
com.desertstormfront.ai.plan.nodes.AssignCarrierPlan	F	a	I	
com.desertstormfront.ai.plan.nodes.AssignCruiserPlan	F	a	I	
com.desertstormfront.ai.plan.nodes.AssignDestroyerPlan	F	a	I	
com.desertstormfront.ai.plan.nodes.AssignDestroyerPlan	F	b	I	
com.desertstormfront.ai.plan.nodes.AssignGuardPlan	F	a	Lcom/desertstormfront/game/model/UnitTypeList;	
com.desertstormfront.ai.plan.nodes.AssignGuardPlan	F	b	I	
com.desertstormfront.ai.plan.nodes.AssignGuardPlan	F	c	I	
com.desertstormfront.ai.plan.nodes.AssignTransportPlan	F	a	I	
com.desertstormfront.ai.plan.nodes.AssignTransportPlan	F	b	I	
com.desertstormfront.ai.plan.nodes.InitAttackPlan	F	a	I	
com.desertstormfront.ai.plan.nodes.InitAttackPlan	F	b	Lcom/desertstormfront/game/model/UnitList;	
com.desertstormfront.ai.plan.nodes.InitAttackPlan	F	c	Ljava/util/List;	
com.desertstormfront.ai.plan.nodes.InitConquerPlan	F	a	I	
com.desertstormfront.ai.plan.nodes.InitConquerPlan	F	b	Lcom/desertstormfront/game/model/UnitList;	
com.desertstormfront.ai.plan.nodes.InitConquerPlan	F	c	Ljava/util/List;	
com.desertstormfront.ai.plan.nodes.InitRoguePlan	F	a	Lcom/desertstormfront/game/model/UnitList;	
com.desertstormfront.ai.plan.nodes.LoadPlan	F	a	I	
com.desertstormfront.ai.plan.nodes.LoadPlan	F	b	F	
com.desertstormfront.ai.plan.nodes.LoadPlan	F	c	I	
com.desertstormfront.ai.plan.nodes.MonitorEngagePlan	F	a	I	
com.desertstormfront.ai.plan.nodes.MonitorEngagePlan	F	b	F	
com.desertstormfront.ai.plan.nodes.MonitorEngagePlan	F	c	I	
com.desertstormfront.ai.plan.nodes.MonitorReachPlan	F	a	I	
com.desertstormfront.ai.plan.nodes.MonitorReachPlan	F	b	F	
com.desertstormfront.ai.plan.nodes.MonitorReachPlan	F	c	I	
com.desertstormfront.ai.plan.nodes.MoveToTargetPlan	F	a	I	
com.desertstormfront.ai.plan.nodes.UnloadPlan	F	a	I	
