# Skeleton for com.noblemaster.lib.log (package-wide) - fill in the LAST column (semantic name), then:
#   powershell -File run\deobf-rename.ps1 -Map run\map-lib-log-remain.tsv            # dry-run (also validates the map)
#   powershell -File run\deobf-rename.ps1 -Map run\map-lib-log-remain.tsv -Apply    # write
# Descriptors come from javap: do not edit them, the renamer matches on them.
# A row with a BLANK last column must keep its trailing tab, or it loses a column and is
# misparsed as a different layout (see 26, pitfall 10).
# 1 already-semantic method(s) omitted; use -All to include them.
# Columns: owner <TAB> kind <TAB> old <TAB> descriptor <TAB> new
com.noblemaster.lib.log.OsfLog	M	a	(Ljava/lang/String;)V	
com.noblemaster.lib.log.OsfLog	M	b	(Ljava/lang/String;)V	
com.noblemaster.lib.log.OsfLog	M	c	(Ljava/lang/String;)V	
com.noblemaster.lib.log.OsfLog	M	d	(Ljava/lang/String;)V	
com.noblemaster.lib.log.OsfLog	M	a	(Ljava/lang/Throwable;)V	
