# Skeleton for com.noblemaster.lib.io (package-wide) - fill in the LAST column (semantic name), then:
#   powershell -File run\deobf-rename.ps1 -Map run\map-lib-io-remain.tsv            # dry-run (also validates the map)
#   powershell -File run\deobf-rename.ps1 -Map run\map-lib-io-remain.tsv -Apply    # write
# Descriptors come from javap: do not edit them, the renamer matches on them.
# A row with a BLANK last column must keep its trailing tab, or it loses a column and is
# misparsed as a different layout (see 26, pitfall 10).
# 12 already-semantic method(s) omitted; use -All to include them.
# Columns: owner <TAB> kind <TAB> old <TAB> descriptor <TAB> new
com.noblemaster.lib.io.DataFileResolver	M	a	(Ljava/lang/String;)Lcom/noblemaster/lib/io/GameFile;	
com.noblemaster.lib.io.DataFileResolver	M	b	(Ljava/lang/String;)Lcom/noblemaster/lib/io/GameFile;	
com.noblemaster.lib.io.DataFileResolver	M	a	()Z	
com.noblemaster.lib.io.FileUtils	M	a	(Ljava/io/File;Ljava/io/File;)V	
com.noblemaster.lib.io.FileUtils	M	b	(Ljava/io/File;Ljava/io/File;)V	
com.noblemaster.lib.io.GameFile	M	a	()Z	
com.noblemaster.lib.io.GameFile	M	b	()Lcom/badlogic/gdx/Files$FileType;	
com.noblemaster.lib.io.GameFile	M	c	()Ljava/lang/String;	
com.noblemaster.lib.io.GameFile	M	d	()Lcom/badlogic/gdx/files/FileHandle;	
com.noblemaster.lib.io.GameFile	M	e	()Z	
com.noblemaster.lib.io.stream.DataReader	M	a	()Ljava/lang/String;	
com.noblemaster.lib.io.stream.DataReader	M	b	()Z	
com.noblemaster.lib.io.stream.DataReader	M	c	()B	
com.noblemaster.lib.io.stream.DataReader	M	d	()I	
com.noblemaster.lib.io.stream.DataReader	M	e	()J	
com.noblemaster.lib.io.stream.DataReader	M	f	()F	
com.noblemaster.lib.io.stream.DataReader	M	g	()V	
com.noblemaster.lib.io.stream.DataWriter	M	a	(Ljava/lang/String;)V	
com.noblemaster.lib.io.stream.DataWriter	M	a	(Z)V	
com.noblemaster.lib.io.stream.DataWriter	M	a	(B)V	
com.noblemaster.lib.io.stream.DataWriter	M	a	(I)V	
com.noblemaster.lib.io.stream.DataWriter	M	a	(J)V	
com.noblemaster.lib.io.stream.DataWriter	M	a	(F)V	
com.noblemaster.lib.io.stream.DataWriter	M	a	()V	
com.noblemaster.lib.io.stream.DataWriter	M	b	()V	
com.noblemaster.lib.io.stream.impl.StreamDataReader	M	a	()Ljava/lang/String;	
com.noblemaster.lib.io.stream.impl.StreamDataReader	M	b	()Z	
com.noblemaster.lib.io.stream.impl.StreamDataReader	M	c	()B	
com.noblemaster.lib.io.stream.impl.StreamDataReader	M	d	()I	
com.noblemaster.lib.io.stream.impl.StreamDataReader	M	e	()J	
com.noblemaster.lib.io.stream.impl.StreamDataReader	M	f	()F	
com.noblemaster.lib.io.stream.impl.StreamDataReader	M	g	()V	
com.noblemaster.lib.io.stream.impl.StreamDataWriter	M	a	(Ljava/lang/String;)V	
com.noblemaster.lib.io.stream.impl.StreamDataWriter	M	a	(Z)V	
com.noblemaster.lib.io.stream.impl.StreamDataWriter	M	a	(B)V	
com.noblemaster.lib.io.stream.impl.StreamDataWriter	M	a	(I)V	
com.noblemaster.lib.io.stream.impl.StreamDataWriter	M	a	(J)V	
com.noblemaster.lib.io.stream.impl.StreamDataWriter	M	a	(F)V	
com.noblemaster.lib.io.stream.impl.StreamDataWriter	M	a	()V	
com.noblemaster.lib.io.stream.impl.StreamDataWriter	M	b	()V	
