# Skeleton for com.noblemaster (package-wide) - fill in the LAST column (semantic name), then:
#   powershell -File run\deobf-rename.ps1 -Map run\now-rest-nm.tsv            # dry-run (also validates the map)
#   powershell -File run\deobf-rename.ps1 -Map run\now-rest-nm.tsv -Apply    # write
# Descriptors come from javap: do not edit them, the renamer matches on them.
# A row with a BLANK last column must keep its trailing tab, or it loses a column and is
# misparsed as a different layout (see 26, pitfall 10).
# 335 already-semantic method(s) omitted; use -All to include them.
# Columns: owner <TAB> kind <TAB> old <TAB> descriptor <TAB> new
com.noblemaster.lib.i18n.LineReader	M	of	(Ljava/lang/String;)Lcom/noblemaster/lib/i18n/LineReader;	
com.noblemaster.lib.license.AcceptedLicense	M	d	()Z	
com.noblemaster.lib.license.ExpiringLicense	M	d	()Z	
com.noblemaster.lib.license.License	M	d	()Z	
