# Skeleton for com.desertstormfront.world (package-wide) - fill in the LAST column (semantic name), then:
#   powershell -File run\deobf-rename.ps1 -Map run\now-world-methods.tsv            # dry-run (also validates the map)
#   powershell -File run\deobf-rename.ps1 -Map run\now-world-methods.tsv -Apply    # write
# Descriptors come from javap: do not edit them, the renamer matches on them.
# A row with a BLANK last column must keep its trailing tab, or it loses a column and is
# misparsed as a different layout (see 26, pitfall 10).
# 147 already-semantic method(s) omitted; use -All to include them.
# Columns: owner <TAB> kind <TAB> old <TAB> descriptor <TAB> new
com.desertstormfront.world.DirectionFieldPathFinder	M	a	()[I	
com.desertstormfront.world.Neighbor	M	of	(II)Lcom/desertstormfront/world/Neighbor;	
com.desertstormfront.world.RoadTile	M	b	()Z	
com.desertstormfront.world.RoadTile	M	a	(Z)V	
