# Skeleton for com.desertstormfront.ui (package-wide) - fill in the LAST column (semantic name), then:
#   powershell -File run\deobf-rename.ps1 -Map run\now-ui-methods.tsv            # dry-run (also validates the map)
#   powershell -File run\deobf-rename.ps1 -Map run\now-ui-methods.tsv -Apply    # write
# Descriptors come from javap: do not edit them, the renamer matches on them.
# A row with a BLANK last column must keep its trailing tab, or it loses a column and is
# misparsed as a different layout (see 26, pitfall 10).
# 338 already-semantic method(s) omitted; use -All to include them.
# Columns: owner <TAB> kind <TAB> old <TAB> descriptor <TAB> new
com.desertstormfront.ui.Label	M	a	(I)V	
com.desertstormfront.ui.hud.GuiAssets	M	j	()[I	
com.desertstormfront.ui.hud.GuiAssets	M	r	()Lcom/desertstormfront/ui/ButtonStyle;	
com.desertstormfront.ui.hud.GuiAssets	M	s	()Lcom/desertstormfront/ui/NinePatch;	
com.desertstormfront.ui.hud.GuiAssets	M	t	()Lcom/desertstormfront/ui/NinePatch;	
com.desertstormfront.ui.hud.GuiAssets	M	u	()Lcom/desertstormfront/ui/TextureRegion;	
com.desertstormfront.ui.hud.GuiAssets	M	w	()Lcom/desertstormfront/ui/ButtonStyle;	
com.desertstormfront.ui.hud.GuiAssets	M	x	()Lcom/desertstormfront/ui/ButtonStyle;	
com.desertstormfront.ui.hud.GuiAssets	M	y	()Lcom/desertstormfront/ui/NinePatch;	
com.desertstormfront.ui.hud.GuiAssets	M	z	()Lcom/desertstormfront/ui/NinePatch;	
com.desertstormfront.ui.hud.GuiAssets	M	A	()Lcom/desertstormfront/ui/NinePatch;	
com.desertstormfront.ui.hud.GuiAssets	M	B	()Lcom/desertstormfront/ui/ButtonStyle;	
com.desertstormfront.ui.hud.GuiAssets	M	C	()Lcom/desertstormfront/ui/TextureRegion;	
com.desertstormfront.ui.hud.SelectionPanelBase	M	a	(Ljava/lang/String;ZZZZZZ)V	
com.desertstormfront.ui.hud.TutorialHintBox	M	b	()Ljava/lang/String;	
